OldText,NewText
teams,Teams
Teams Management Center,Teams Admin Center
M three six five,M365
m???,M365
microsoft,Microsoft
power BI,Power BI
Wifi,WIFI
??,??
Slew,SLA
u PIN,UPN
admin judxlab point online,admin@judxlab.online
Management Center,Admin Center
WiFi,WIFI
admin at judxlab point online,admin@judxlab.online
judxlab,JUDXLAB
Edmin,Admin
Microsoft???,Microsoft 365
purview,Purview
Puryou,Purview
DRB,DLP
DRP,DLP
??,??
??dxlite,JUDXLAB
exchange,Exchange
Airpoint,SharePoint
one drive,OneDrive
copilot,Copilot
DRV,DLP
??p,DLP
exchange online,Exchange Online
Preview,Purview
??dxlab,JUDXLAB
admin,Admin
test user??,TestUser01
Microsoft three six five,Microsoft 365
strategies,Policies
strategy,Policy
Sharepoint,SharePoint
offline,Offline
it???,IT???
Teams Advanced Edition,Teams Premium Edition
Teams Premium version,Teams Premium Edition
??,??
